flower,plant_type,color,hardiness_zones,blooms_in,height,soil_needs,sun_needs,water_needs,maintenance
Achillea (Yarrow),Perennials,"Yarrow comes in a wide range of colors including white, cream, yellow, purple, orange, pink and red.",3-9,"Spring, Summer",This plant usually grows between 30 and 90 cm (1 to 3 ft) in height.,"Achillea will grow best in well drained soil, with a pH between 5.5 and 7.0.",Full sun,low,low
Aconitum (Aconite; Monkshood; Wolfsbane),Perennials,"Aconite flowers come in shades of blue, purple, white, yellow, or even pink.",3-8,"Autumn, Summer","Aconite is a tall plant that grows from 30 cm (1 ft) to 180 cm (6 ft) high, depending on species.","Aconite will perform best in rich, moist and well drained soil, with a pH level between 5.0 and 6.0.","Full sun, Partial sun",avarage,medium
Agapanthus (African Lily; Lily of the Nile),"Bulbs, Perennials","Agapanthus flowers are usually in shades of blue, white and purple.",6-11,"Autumn, Summer","Agapanthus range in height from just 20 cm (8 inches) up to 1,8 m (6 ft) for larger varieties.","Agapanthus grow best in fertile, moist and well-drained soil. The pH of the soil is not so important. It can grow in acid, neutral, and alkaline soils. ","Full sun, Partial sun",avarage,low
Ageratum (Whiteweed; Flossflower),Annuals,"Ageratum flowers come in shades of blue, purple, red, pink and white.",2-11,"Autumn, Summer",These plants can grow up to 60 cm (2 ft) in height.,"Ageratum prefers moist, but well drained soil, with pH between 5.5 and 7.5.","Full sun, Partial sun",avarage,low
Ajuga (Bugle; Bugleweed),"Annuals, Perennials","Ajuga flowers are usually blue, purple and white.",3-10,"Spring, Summer",Ajuga plants can grow up to 30 cm (1 ft) tall.,"The plant grows best in moist and well drained soil, with a pH between 4.0 to 6.5. However, it can handle drought and dry soils.","Partial sun, Shade",avarage,low
Alcea (Hollyhock),"Annuals, Perennials","Hollyhock blooms in a rainbow of colors including red, purple, pink, white, yellow and even almost black.",3-9,Summer,Hollyhocks range in height from 60 cm (2 ft) to 3 metres (10 ft) tall.,"Alcea prefers rich and well drained soil, with a pH between 6.0 and 8.0.",Full sun,avarage,hard
Allium (Ornamental Onion),"Bulbs, Perennials","Most Alliums come in shades of purple, but there are pink, blue, white and yellow varieties as well.",3-10,"Spring, Summer",Alliums range in size from 15 cm (6 inches) to 180 cm (6 ft) giants.,"Alliums are not fussy about their soil, so long as it is well drained.",Full sun,avarage,low
Alstroemeria (Peruvian lily; Lily of the Incas),"Bulbs, Perennials","Alstroemeria flowers come in various colors, from orange, pink, rose, purple, red to yellow and white. ",5-11,"Autumn, Summer",Peruvian lily range from dwarf species (20 cm or 8 inches tall) to the larger varieties that grow up to 120 cm or 4 ft in height.,"The plant grows best in fertile, moist and well drained soil which is neutral or slightly acidic.","Full sun, Partial sun",avarage,low
Amaryllis (Amaryllis),"Bulbs, Perennials",The flower color is usually some shade of pink and sometimes even white.,7-10,"Autumn, Summer",Amaryllis has stem that can reach 30 - 90 cm (1-3 ft) in height and each flower is 6-11 cm (2-4 inches) in diameter. ,Amaryllis grows best in well drained and slightly acidic soil. ,"Full sun, Partial sun",avarage,low
Anemone (Windflower),Perennials,Anemone can be found in all colors of the rainbow.,4-11,"Spring, Autumn, Summer","Anemone can grow from 10 cm to 1,5 metres (4 inches to 5 ft) tall.","The plant likes moist, but well drained soil. Anemones have a wide pH tolerance, from acid to neutral and alkaline.","Full sun, Partial sun",avarage,low
Anthurium (Flamingo Flower; Laceleaf),Perennials,"Anthurium plants range in color from red to pink, purple, yellow, white and green.",10-12,"Spring, Autumn, Summer",The plant can grow up to 90 cm (3 ft) in height.,"Anthurium grows best in rich, well drained soil, with a pH between 5.5 and 6.5.","Full sun, Partial sun",avarage,low
Aquilegia (Columbine),Perennials,"Columbine flowers are yellow, white, blue, red, pink, purple or a combination of these shades.",3-9,"Spring, Summer",Columbine can grow up to 60 cm (2 ft) tall.,"The plant grows best in moist and well drained soil, with a pH between 6.0 and 7.0. (slightly acidic to neutral). ","Full sun, Partial sun",avarage,low
Asclepias (Milkweed),Perennials,"These flowers come in shades of red, purple, pink, orange, yellow and white.",3-9,"Autumn, Summer",The plant reaches heights of 30 cm (1 ft) to 180 cm (6 ft).,"Asclepias thrive best in well-drained soil, with a pH range of 5.0 to 7.0.",Full sun,avarage,low
Aster (Starwort; Frost flower),Perennials,"Asters can be white, blue, purple, and red, mostly with yellow centers.",3-9,"Autumn, Summer",Asters are 60-180 cm (2-6 ft) tall.,"Asters grow best in moist and well drained soil, with a pH ranging from 5.5 to 7.5.","Full sun, Partial sun",avarage,medium
Astilbe (False Goat's Beard),Perennials,"Astilbe flowers are available in white, pink and red.",3-9,"Spring, Autumn, Summer",The plants range in size from 30 cm (1 ft) to 150 cm (5 ft) in height.,"Astilbes thrive best in moist and well drained soil, with a pH level between 6.0 and 8.0.  ","Partial sun, Shade",avarage,low
Banksia (Australian Honeysuckle),"Perennials, Shrubs, Trees","Banksia flowers are yellow, creamy, orange, red, green, violet or even brown.",9-11,"Spring, Autumn, Winter, Summer","Banksias range from 25 cm (1 ft) to 30 metres (100 feet) in height, depending on the species. ","Banksias will grow in most soil types if given good drainage. However, they will perform best in sandy soils with a pH between 5.5 and 7.0.","Full sun, Partial sun",avarage,low
Baptisia (False Indigo),Perennials,"Baptisia come in shades of blue, yellow and white, while many hybrids can be found in a wide variety of colors.",3-9,"Spring, Summer","Baptisia range in size from 30 cm to 1,5 metres (1-5 ft) in height.","Baptisia prefers rich, well drained and slightly acidic soils.",Full sun,avarage,low
Begonia (Begonia),"Annuals, Bulbs, Perennials","Begonia appear in many different colors, but mostly in red, white, yellow, orange and pink.",2-11,"Spring, Autumn, Summer",Begonias can grow from 20 - 60 cm (8 inches to 2 ft).,"Begonias prefer moist, well drained and more acidic soil. They have a low tolerance for drought. ","Partial sun, Shade",avarage,low
Bellis (Daisy),Perennials,"Bellis come in shades of white, red, pink and purple. They usually have white petals and a yellow center,",3-10,"Spring, Autumn, Summer","Bellis plants are small, growing up to 20 cm (8 inches) in height.","This plant likes rich, moist and well drained soil. It is not fussy about the soil pH.","Full sun, Partial sun",avarage,low
Bergenia (Elephants Ears; Winter Glow; Pigsqueak),Perennials,"Bergenia come in shades of red, pink, purple and white.",3-9,"Spring, Winter, Summer",Bergenia usually grow between 20-60 cm (8 inches to 2 ft) tall.,"Bergenia prefers moist, but well drained soil. It tolerates a wide range of soil conditions.","Full sun, Partial sun",avarage,low
Bougainvillea (Bougainvillea),"Climbers, Shrubs, Trees","Bougainvillea bracts come in shades of red, purple, yellow, pink, orange and white. Bougainvillea flowers are generally white.",9-11,"Spring, Autumn, Winter, Summer",Bougainvillea can grow from 60 cm to 12 metres (2 to 40 ft) tall.,"Bougainvillea prefers moist, well drained and slightly acidic soil with a pH of 5.5 to 6.5.",Full sun,low,low
Bouvardia (Firecracker bush; Trumpetellia; Hummingbird flower),"Herbs, Shrubs","Bouvardia come in shades of white, yellow, pink, orange and red.",9-11,"Spring, Autumn, Summer","Bouvardia can grow between 60 cm (2 ft) and 1,5 metres (5 ft) tall.","Bouvardia prefer well drained, sandy to clay loam soil.","Full sun, Partial sun",avarage,low
Buddleia (Butterfly Bush),"Shrubs, Trees","Buddleia flowers come in shades of purple, blue, white, pink or red.",5-10,"Autumn, Summer","The plant can grow between 30 cm (1 ft) and 5 metres (16 ft) high, depending on species.","Buddleia will grow in almost any soil, but will perform best in moist and well drained soil, with a pH level between 6.0 and 7.0.",Full sun,avarage,low
Calendula (Marigold),"Annuals, Herbs, Perennials",Calendula flowers are usually yellow and orange.,2-11,"Spring, Autumn, Winter, Summer","The plant may grow from 30 to 60 cm (1-2 ft) in height, depending on the variety and soil conditions. ","The plant tolerates a wide range of soil conditions, but does best in rich, well-drained soils. The soil pH should be between 5.5 and 7.0.","Full sun, Partial sun",avarage,low
Calluna (Heather; Common Heather; Scottish Heather),Shrubs,"Calluna flowers come in shades of red, purple, pink and white.",4-6,Summer,Calluna usually grow between 30-60 cm (1-2 ft) tall.,"Calluna grow best in acidic, moist and well drained soil.",Full sun,avarage,low
Camellia (Camellia),"Shrubs, Trees","Camellia offer a large palette of colors, from white to yellow, pink red and purple.",6-10,"Spring, Autumn, Winter","Although its a slow grower, Camellia reaches a height of 1-6 metres (3-20 ft).","Camellia plants will perform best in moist and well drained soil, with a ph between 5.5 and 6.5.","Partial sun, Shade",avarage,low
Campanula (Bellflower),"Annuals, Perennials","Depending on the species, Campanula produces white, blue, purple, pink or lilac bells.",3-9,"Spring, Autumn, Summer","Some species grow just 5-10 cm (a few inches) tall, while others can grow 2 metres (6 ft) in height.","Campanula prefers rich, well drained soil.","Full sun, Partial sun",avarage,low
Celosia (Celosia),"Annuals, Perennials","Celosia flowers can be purple, red, orange, pink, gold, yellow and white.",2-12,"Autumn, Summer",The plants range from dwarf species to the larger varieties that grow up to 150 cm (5 ft) high.,"Celosia prefers rich, moist and well drained soil. It thrives in clay and is drought tolerant once established. The soil should have a pH level between 6.0 and 7.0.",Full sun,avarage,low
Centaurea (Cornflower; Bachelor's Button; Basket Flower),"Annuals, Perennials","Centaurea flowers are traditionally blue in color but are also available in purple, pink, yellow and white.",2-11,"Spring, Summer",Centaurea can reach 30 to 90 cm (1 to 3 ft) in height.,"Centaurea plants prefer moist and well drained soil, with a pH level between 5.5 and 7.0.  However, they are very adaptable and will grow in nutritionally poor soils.","Full sun, Partial sun",avarage,low
Chrysanthemum (Mum),Perennials,"The plant comes in rainbow of colors, but the most common are red, yellow, white and purple.",4-11,"Spring, Autumn",Chrysanthemums range in size from 30 cm (1 ft) to 120 cm (4 ft).,The plant likes moist and well drained soil. The optimal soil pH is between 6.0 and 7.0.,Full sun,avarage,medium
Clarkia (Godetia),Annuals,"Clarkia flowers come in a range of colors including red, purple, pink, orange and white.",3-10,"Autumn, Summer",This plant can reach up to 150 cm (5 ft) tall.,"Clarkia grows best in rich, moist, well drained and loamy soils, with a pH between 6.0 and 8.5.","Full sun, Partial sun",low,low
Clematis (Travellers Joy; Old Man's Beard),"Climbers, Perennials, Shrubs",Clematis flowers offer a wide range of different colors.,3-11,"Spring, Autumn, Winter, Summer","Clematis range in size from 30 cm (1 ft) to 12 metres (40 ft), depending on species.",Clematis prefers moist and well drained soil. The ideal soil ph is between 5.5 and 7.0.,"Full sun, Partial sun",avarage,low
Convallaria (Lily of the Valley),"Bulbs, Perennials","Convallaria blooms are usually white, but sometimes pink.",2-9,"Spring, Summer",Convallaria reaches about 30 cm (1 ft) in height.,"Convallaria will grow best in rich, moist and well drained soil. The plant is not fussy about the soil pH.","Partial sun, Shade",avarage,low
Coreopsis (Tickseed; Calliopsis),"Annuals, Perennials","Although usually yellow in color, Coreopsis flowers come in different colors including red, orange, pink, maroon,  lavender. Bi-colored flowers are also possible. ",3-10,"Autumn, Summer",The different varieties of this plant range in height from 15 cm (6 inches) to 120 cm (4 ft).,Coreopsis will thrive in almost any type of soil that is well drained.,Full sun,avarage,low
Cosmos (Cosmos),Annuals,"Cosmos flowers come in amazing variety of bright colors, from pink, orange and scarlet to yellow and white.",2-11,"Autumn, Summer",Cosmos can grow between 30-120 cm (1-4 ft) tall.,"Cosmos likes moist, but well drained soil, with a pH between 5.0 and 8.0.",Full sun,avarage,low
Crocosmia (Montbretia),"Bulbs, Perennials","Crocosmia flowers are usually in shades of red and orange, but can also be yellow.",5-10,"Autumn, Summer",The plant can grow up to 60 cm (2 ft) tall.,"Crocosmia likes fertile, moist and well drained soil of any pH. However, it will grow in a wide range of conditions.","Full sun, Partial sun",avarage,low
Crocus (Crocus),Bulbs,"Crocus flowers are white, purple, yellow, cream and there are even striped varieties.",3-9,"Spring, Autumn, Winter",Crocus can reach between 20 and 30 cm (1 ft) in height.,"Although Crocus is tolerant of a wide range of soils, it will grow best in a well drained soil, with a pH between 6.0 and 8.0.","Full sun, Partial sun",avarage,low
Cyclamen (Sow bread; Persian violet),"Bulbs, Perennials","Cyclamen flowers are usually white, red, rose, purple or pink.",4-9,"Autumn, Winter",Cyclamens are relatively small plants growing up to 15 cm (6 inches).,"The plants prefer organically rich and well drained soil. Grow them in moist, but not waterlogged soil.",Partial sun,avarage,low
Cymbidium (Cymbidium),Perennials,"Cymbidium comes in various colors such as white, green, yellow, brown, orange, pink and red.",5-10,"Spring, Autumn, Winter","Cymbidium range in size, from dwarf species to some reaching 1,5 metres (5 ft) in height.",This plant can grow in almost any kind of soil that is well drained.,Partial sun,avarage,low
Dahlia (Dahlia),"Bulbs, Perennials","Dahlias bloom in all colors, except blue.",3-11,"Autumn, Summer","Dahlias vary in height, from the 40 cm (1 ft) right up to 2 metres (7 ft).","Dahlia performs best in rich, moist and well drained soil that is slightly acidic.",Full sun,avarage,medium
Delosperma (Ice Plant),"Cactus - Succulents, Perennials","It comes in many colors including red, purple, orange, pink, yellow and white.",5-10,"Spring, Autumn, Summer",The plant grows up to 15 cm (6 inches) in height.,"Delosperma likes dry, sandy and poor soils with good drainage. It prefers soils with a pH level between 6.0 and 8.0.",Full sun,low,low
Delphinium (Larkspur),Perennials,"Delphiniums come in several colors, including blue, red, pink, white, violet, and yellow, but blue is the most common color.",3-7,"Autumn, Summer",Delphinium flower spikes can reach 30 cm to 180 cm (1 to 6 ft) tall. ,"The plant grows best in moist, but well drained soil. The pH of the soil should be neutral to slightly alkaline. ","Full sun, Partial sun",avarage,medium
Deutzia (Deutzia),Shrubs,"Most species are white, but some are pink or red.",4-8,"Spring, Summer",The plant range in height from 30 cm (1 ft) to 4 metres (13 ft).,Deutzia prefer moist and well drained soil. The plant can grow in a wide range of pH conditions.,"Full sun, Partial sun",avarage,low
Dianthus (Carnation; Pink; Sweet William),"Annuals, Perennials, Shrubs","Dianthus flowers come in shades of red, pink, purple and white or combinations of these colours. Cultivated species are available in a wider range of colors.",5-9,"Spring, Autumn, Summer",Their height range from just 10 cm to 90 cm (4 inches to 3 ft).,Well drained.,"Full sun, Partial sun",avarage,low
Diascia (Twinspur),"Annuals, Perennials","Diascia flowers come in shades of pink, purple, orange, and white, each with a contrasting yellow throat.",7-11,"Spring, Autumn, Summer",The plant grows between 30 cm (1 ft) and 60 cm (2 ft) in height.,"Diascia grows best in soil that is fertile, moist, well drained and slightly acidic, with a pH range of 5.5 to 6.5.","Full sun, Partial sun",avarage,low
Dicentra (Bleeding Heart),Perennials,"Dicentra flowers are usually red, pink and white.",2-9,"Spring, Summer",Dicentra usually reach 90 cm (3 ft) in height.,"Dicentra prefer moist, but well drained soil. The soil should be organic and slightly acidic.","Partial sun, Shade",avarage,low
Dietes (Dietes),Perennials,"Dietes flowers are white to creamy yellow in color, with brown, yellow and purple markings on the tepals.",8-11,"Spring, Autumn, Winter, Summer",This plant grows up to 150 cm (5 ft) tall.,"These plants are not fussy about soil type, but will perform best in rich, moist and well drained soil.","Full sun, Partial sun",avarage,low
Digitalis (Foxglove),Perennials,"Digitalis flowers appear in shades of white, yellow, pink, red and purple.",4-9,"Spring, Summer","Foxgloves are tall beauties which can grow up to 180 cm (6 ft), depending on variety.","The plant grows best in moist and well drained soil, with a pH between 6 and 7.5.","Full sun, Partial sun, Shade",avarage,low
Dracula (Monkey Orchid),Perennials,"Dracula plants come in various colors, such as red, purple, lavender, yellow and white. They range from nearly black to white.",9-11,"Spring, Autumn, Winter, Summer",The plant can grow up to 60 cm (2 ft) tall.,"Dracula requires moist, well-drained soil and high humidity. The recommended soil pH is 5.5 to 7.0, depending on species.",Partial sun,avarage,medium
Dryas (Mountain Avens; Holtasoley),"Perennials, Shrubs","Dryas flowers are usually white or cream, with yellow centre.",3-9,"Spring, Summer","Dryas is a small plant, growing only 20 cm (8 inches) in height.","The plant can grow in many different soil types and pH levels, but requires good drainage.","Full sun, Partial sun",avarage,medium
Echeveria (Hen and Chicks),Cactus - Succulents,Echeveria has beautiful leaves and stunning flowers in a large variety of colors.,9-11,"Spring, Autumn, Winter, Summer",Echeverias can grow from 10 cm to 60 cm (4 inches to 2 ft) high.,"Echeverias grow best in well drained soil, with a slightly acidic pH.","Full sun, Partial sun",low,low
Echinacea (Coneflower),Perennials,"Echinacea flowers come in shades of white, yellow, orange, pink, purple, red and brown, depending on variety. The most common are the purple ones.",3-10,Summer,Coneflowers will grow between 30 cm (1 ft) and 120 cm (4 ft) tall.,"Echinacea likes medium moisture and well drained soil, with a pH between 6.0 and 7.0. In the wild, they usually grow in poor and rocky soil and can tolerate more alkaline conditions.","Full sun, Partial sun",low,low
Echinops (Globe Thistle),Perennials,"Echinops flowers are mostly blue, but also you can find them in white, purple and blue-grey. Their long stems are gray-green in color.",3-9,Summer,"Echinops can grow from 50 cm to 1,5 metres (2 to 5 ft) in height.","Echinops grows best in well drained soil and prefers a soil of pH 5,5 to 7.","Full sun, Partial sun",avarage,low
Emilia (Tassel Flower),Annuals,"Emilia flowers come in shades of purple, red and orange.",3-10,"Autumn, Summer",Tassel Flower usually grows from 30 cm (1 ft) to 60 cm (2 ft). and possibly up to 90 cm (3 ft) tall.,"It is not fussy about soil pH, but the soil must be well drained. ",Full sun,avarage,low
Epimedium (Barrenwort; Bishop's hat; Horny Goat Weed),Perennials,"Epimedium flowers come in many stunning colors, including white, red, pink, purple, yellow and orange, as well as bi-colored varieties.",4-9,"Spring, Autumn, Winter, Summer",Epimedium can grow up to 60 cm (2 ft) in height.,"Epimedium prefers rich and moist soil, with a pH between 5.5 to 7.0. However, it will adapt to a wide range of conditions and survive in nearly any shady location.","Partial sun, Shade",avarage,low
Epiphyllum (Orchid Cactus),Cactus - Succulents,"Epiphyllum flowers are usually white, sometimes with yellow or pink sepals. However, most Epiphyllums grown today are hybrids and may be red, purple, pink, orange and yellow.",10-12,"Spring, Summer",Epiphyllum can reach 10 m (30 ft) in height. ,"Epiphyllum prefers rich and well drained soil. For majority of plants, the ideal soil pH is slightly acidic with a pH range of 5.5 to 6.5.","Full sun, Partial sun",avarage,medium
Eremurus (Foxtail Lily; Desert Candle),Perennials,"Flower clusters are covered with orange, pink, yellow and white blossoms.",5-9,"Spring, Summer","Foxtail Lilies are tall plants that reach 2,5 metres (8ft) or less in height, depending on the species.","Eremurus prefers well drained soil that is acid, alkaline or neutral.",Full sun,avarage,low
Eryngium (Sea Holly),"Annuals, Perennials","Eryngium flowers are usually blue, purple, green or whitish.",3-9,"Autumn, Summer","They can range from 30 cm (1 ft) to 150 cm (5 ft) tall, depending on the species.","Sea Holly plants need good drainage and plenty of sun. They are not particular about soil pH and will tolerate poor and sandy soils. The plant has a long taproot, which makes it drought tolerant.",Full sun,low,low
Erysimum (Wallflower),"Annuals, Perennials, Shrubs","Erysimum usually come in yellow, but may also be red, orange and mauve.",6-10,"Spring, Autumn, Summer",Erysimum can grow up to 90 cm (3 ft) high.,"Erysimum prefers well drained soil, with a pH between 5.0 and 8.0.",Full sun,avarage,low
Erythronium (Fawn Lily),"Bulbs, Perennials","Erythronium flowers come in shades of yellow, purple, pink, red and white.",3-9,Spring,Erythronium can grow up to 60 cm (2 ft) in height. ,"Erythronium grows best in moist and well drained soil. It is not fussy about soil pH, but is intolerant of dry conditions.",Partial sun,avarage,low
Eschscholzia (Golden Poppy),"Annuals, Perennials",Their color ranges from yellow to orange.,6-10,"Spring, Autumn, Winter, Summer","The plants grow up to 30 cm (1 ft) tall, but some species have been known to grow taller.","In general, these plants grow in a range of soils, but prefer loamy or clay soils. They thrive in well-drained, poor soils with relatively little organic matter, preferring neutral to slightly alkaline soils.",Full sun,low,low
Euphorbia (Spurge),"Annuals, Cactus - Succulents, Perennials, Shrubs, Trees",Euphorbia bloom beautifully in almost every color imaginable.,4-11,"Spring, Autumn, Winter, Summer","Spurges range in size from 30 cm to 20 metres (1 ft to 66 ft), depending on species.",Well drained.,"Full sun, Partial sun",low,low
Eustoma (Lisianthus; Prairie Gentian),"Annuals, Perennials","The flowers come in white, cream, blue, purple, pink and lilac.",8-11,"Autumn, Summer","Depending on the variety, Eustoma will grow from 15 cm (6 inches) to 80 cm (3 ft) in height.","The plant performs best in rich, moist and well drained soil, with a pH between 6.5 and 7.0.","Full sun, Partial sun",avarage,medium
Felicia (Blue Daisy; Marguerite Daisy),"Annuals, Perennials, Shrubs","Felicia flowers are blue, white, lilac or purple. Most of them have yellow centers, with the exception of the Felicia heterophylla which is all-blue in color.",8-11,"Spring, Autumn, Summer",Felicia can grow up to 50 cm (20 inches) in height.,Felicia grows in almost any well drained soil. ,Full sun,avarage,low
Forsythia (Golden Bell),Shrubs,Forsythia flowers only come in one color - yellow.,4-9,Spring,"Forsythia grows between 60 cm (2 ft) and 6 metres (20 ft) tall, depending on species.","The soil should be moist, but well drained and rich in organic matter. Forsythia grows in low-acidic, neutral and even moderately alkaline soils.","Full sun, Partial sun",avarage,low
Freesia (Freesias),"Bulbs, Perennials","Freesia comes in white, yellow, orange, red, pink, mauve, lavender and purple colors.",9-10,"Spring, Autumn, Summer",Freesia can grow up to 40 cm (1 ft) tall.,"Moist, but well drained.","Full sun, Partial sun",avarage,low
Fritillaria (Checkered Lily; Snakes Head; Crown Imperial),"Bulbs, Perennials","Fritillaria come in variety of colors, from bright yellow to orange, green and deep red.",4-8,Spring,"Fritillaria can reach 30 cm to 1,5 metres (1-5 ft) in height, depending on variety.",The plant requires a well drained soil.,"Full sun, Partial sun",avarage,low
Fuchsia (Lady's eardrop),"Shrubs, Trees","Fuchsia develops white, yellow, orange, red and purple colored flowers, composed of red sepals and purple petals. ",6-11,"Autumn, Summer",Fuchsia can grow from 15 cm (6 inches) to 15 metres (50 ft) in height.,"Fuchsia prefers moist, but well drained soil, with a pH between 5.5 and 6.5.","Full sun, Partial sun",avarage,low
Gaillardia (Blanket Flower),"Annuals, Perennials","Gaillardia flowers come in various shades of red, orange, yellow, purple and brown. The bicolor blooms are pretty intense.",2-10,"Autumn, Summer",Plants belonging to the Gaillardia genus range in height from 15 cm (6 inches) to 90 cm (3 ft).,"Gaillardia plants grow best in moist and well drained soil, with a pH between 5.5 and 7.0. However, they will tolerate drought, heat, poor and sandy soils, but heavy clay soil will probably kill them.",Full sun,low,low
Galanthus (Snowdrops),"Bulbs, Perennials","Unlike many other flowers, Galanthus are one of the few flowers that only come in one color - creamy white.",3-9,"Spring, Winter",These tiny flowers grow up to 25 cm (10 inches) high.,Galanthus prefers moist and well drained soil of pH 6.0 to 8.0.,"Full sun, Partial sun",avarage,low
Gardenia (Gardenia),"Shrubs, Trees",The most of them are white (or a related color like ivory or cream) and some of them are yellow.,6-11,"Spring, Summer",Gardenia can grow between 60 cm (2 ft) and 6 metres (20 ft) tall.,"Gardenia likes moist, but well drained soil. The ideal soil pH is between 5 and 6.","Full sun, Partial sun",avarage,hard
Gazania (Treasure Flower),"Annuals, Perennials","Gazania flowers come in shades of yellow, orange, pink, red and white. The colors of the petals are bright and unique.",8-11,"Spring, Autumn, Winter",Gazania plants can grow up to 30 cm (1 ft) high.,"Gazania will grow best in well-drained soil in full sun, with a pH level between 5.5 and 7.0.",Full sun,low,low
Gentiana (Gentian),"Annuals, Perennials","Most of the species have beautiful, vivid blue flowers, but white, yellow, purple and red varieties are also available.",3-9,"Spring, Autumn, Summer",The plants range from dwarf species just 5 cm (2 inches) tall to the larger varieties that grow up to 90 cm (3 ft) in height.,"Gentiana will grow best in rich, moist and well drained soil, with a pH between 5.0 and 7.5.","Full sun, Partial sun",avarage,low
Geranium (Cranesbills),"Annuals, Perennials","Geranium flowers come in shades of white, red, blue, purple and pink.",2-10,"Spring, Autumn, Summer",Geranium plants grow between 15-120 cm (6 inches to 4 ft) in height.,Geranium will grow in almost any kind of soil. The ideal soil pH should be mildly acidic.,"Full sun, Partial sun",avarage,low
Gerbera (African daisy; Transvaal daisy; Barberton daisy),Perennials,"Gerbera flowers come in many different colors (white, red, yellow, orange, pink and purple), except for blue.",8-11,"Spring, Autumn, Summer",The plants are 20-45 cm (8-18 inches) tall. Gerbera flower heads vary from 7 to 12 centimeters (3 to 5 inches) in diameter.,"Gerberas prefer rich and well drained soil, with lots of added organic matter. They grow best in a slightly acidic soil with a pH of 5.5 - 6.5.","Full sun, Partial sun",avarage,low
Geum (Avens),Perennials,"Geum comes in various colors, including white, yellow, orange, pink and red. ",3-9,"Spring, Summer",The plant can grow up to 60 cm (2 ft) tall.,"Geums prefer rich, moist and well drained soil, with a pH level between 5.5 and 7.0.","Full sun, Partial sun",avarage,low
Gladiolus (Gladiola; Sword lily),"Bulbs, Perennials","They come in beautiful colors, ranging from white, yellow, pink and lavender, to red, purple and even green.",2-10,"Spring, Autumn, Summer",Gladiolus can grow between 60 to 180 cm (2 to 6 ft) in height.,"Gladioli prefer moist and well drained soil, with a pH between 6.0 and 7.0.",Full sun,avarage,low
Grevillea (Spider Flower; Silky Oak),"Shrubs, Trees","Grevillea may be red, yellow, orange, purple and white.",9-11,"Spring, Autumn, Winter, Summer",Grevillea range from small shrubs around 50 cm (20 inches) high to large trees up to 35 metres (115 ft) tall. ,"Grevillea grows in all types of soil, but prefers well-drained soil.","Full sun, Partial sun",low,low
Gypsophila (Baby's Breath),"Annuals, Perennials",These plants have small white or pink flowers.,3-9,"Spring, Summer",Gypsophila range in size from 15 cm (6 inches) to 1 m (30 ft) tall.,"Gypsophila prefer calcium-rich, alkaline soils.",Full sun,low,low
Hamamelis (Witch Hazel),"Shrubs, Trees",Hamamelis flowers range in color from deep red to yellow.,3-9,"Spring, Autumn, Winter","The plant grows between 150 cm (5 ft) and 8 m (26 ft) in height, depending on the species.","Hamamelis likes fertile, moist and well drained soil, with a ph between 4.5. and 7.0. It tolerates deep soils over chalk.","Full sun, Partial sun",avarage,low
Helenium (Sneezeweed),"Annuals, Perennials","Helenium flowers come in shades of yellow, orange, red and brown.",3-8,"Autumn, Summer",Helenium can grow up to 150 cm (5 ft) tall.,"Helenium likes moist and well drained soil, and will tolerate most pH levels. ",Full sun,avarage,medium
Helianthus (Sunflower),"Annuals, Perennials","Although yellow is the original color, Sunflowers come in shades of yellow, cream, red, orange and purple that contrast with deep brown centers.",3-9,"Autumn, Summer","Although there are some dwarf species that grow 30-60 cm (1-2 ft) tall, Sunflowers are usually tall plants which can grow up to 3 metres (10 ft) in height.","Sunflowers grow best in fertile, well drained soil, with a pH range between 6.0 and 7.5.",Full sun,avarage,low
Heliconia (Lobster Claw; False Bird of Paradise),Perennials,"The colors of the flowers range in hues of red, orange, pink, yellow and green. ",9-11,"Spring, Autumn, Summer","Heliconias can vary in height from as small as 60 cm (2 ft) to 6 metres (20 ft), depending on species.",Heliconia prefers rich and well drained soil that stays consistently moist. The optimal pH range is between 5.0 and 7.0.,"Full sun, Partial sun",avarage,low
Helleborus (Hellebore; Christmas Rose),Perennials,"Hellebores come in various colors, from purple to pink, green, yellow, white and even black.",4-9,"Spring, Winter","These plants range in size from 30 cm (1 ft) to 1,2 metres (4 ft) tall. ","Hellebores prefer rich, moist and well-drained soil. They are tolerant of most soil types, but avoid planting them in dry or waterlogged soil.","Partial sun, Shade",avarage,low
Hibiscus (Rose mallow),"Annuals, Perennials, Shrubs, Trees","This plant comes in a variety of colors, from red, orange, pink and yellow to white, purple and blue.",4-11,"Autumn, Summer",It depends on variety. These beauties can reach heights up to 4 metres (13 ft).,"Hibiscus likes moist, but well drained soil, with a neutral to slightly acidic pH.","Full sun, Partial sun",avarage,low
Hippeastrum (Amaryllis),Bulbs,"Hippeastrum comes in red, pink, salmon, orange, white, yellow and pale green colors.",2-10,"Spring, Winter, Summer",Hippeastrum can grow from 30 cm to 90 cm (1 to 3 ft).,"Hippeastrum will grow in moist and well drained soil that is acidic, alkaline or neutral. ","Full sun, Partial sun",avarage,low
Hosta (Plantain Lily),Perennials,"Hosta flowers are usually white, whitish with lavender lines, or purple.",3-9,"Spring, Autumn, Summer","Some varieties are short, while some varieties can grow up to 180 cm (6 ft) tall.","Hosta can tolerate just about any soil, but does best in rich, moist and well-drained soil.","Partial sun, Shade",avarage,low
Hoya (Wax Plant),"Climbers, Perennials, Shrubs","Hoya flowers are mostly white, but are also available in shades of pink, red, purple, orange and green.",8-12,"Spring, Autumn, Winter, Summer",Hoya plants range in size from 10 cm (4 inches) to 3 meters (10 ft) in height.,"The plant will grow best in moist and well drained soil, with a pH between 5.0 and 6.5.","Full sun, Partial sun",avarage,low
Hyacinthus (Hyacinth),Bulbs,"This plant comes in many color varieties, such as purple, blue, white, yellow, red, pink and orange.",4-8,Spring,Hyacinth can grow up to 30 cm (1 ft) in height.,These plants will perform well in moist and well drained soil that is neutral to slightly acidic.,"Full sun, Partial sun",avarage,low
Hydrangea (Hortensia),"Climbers, Shrubs, Trees","Hydrangea flowers come in shades of blue, purple, white, pink and red.",3-9,"Spring, Autumn, Summer","Hydrangea species range in size from 60 cm to 12 metres (2 ft to 40 ft) in height, depending on species.","Hydrangea grows best in moist, but well drained soil.",Partial sun,avarage,low
Hypericum (St. John’s Wort),"Annuals, Perennials, Shrubs, Trees",Hypericum flowers are generally yellow.,4-9,"Spring, Autumn, Summer","Hypericum can reach a height between 30 cm (1 ft) and 2 m (7 ft), depending on species.",Hypericum grows best in moist and well drained soil that has a pH between 5.5 and 7.0.,"Full sun, Partial sun",avarage,low
Hypoxis (Star Grass),Perennials,Hypoxis flowers are bright yellow in color.,5-10,"Spring, Summer",Hypoxis plants usually grow to a height of 20 cm (8 inches).,Hypoxis grows best in moist areas with full sun. Most species are not fussy about the soil pH.,"Full sun, Partial sun",low,low
Iberis (Candytuft),"Annuals, Perennials, Shrubs","Iberis flowers are usually white, but can also be pink or lilac.",3-9,"Spring, Summer",The plant can reach a height between 15 cm (6 inches) and 30cm (1 ft).,"Iberis likes rich, moist and well drained soil. Some species can grow in nutritionally poor soil.",Full sun,avarage,medium
Impatiens (Jewelweed; Touch-me-not; Busy Lizzy),"Annuals, Perennials","Impatiens come in variety of colors, including blue, purple, orange, red, pink, white and yellow.",8-12,"Spring, Autumn, Summer",Impatiens are short plants that usually dont grow larger than 30 cm (1 ft).,"They prefer rich, moist and well drained soil, with a pH between 6.0 and 7.5.","Partial sun, Shade",avarage,low
Ipomoea (Morning Glory; Kangkung),"Annuals, Climbers, Perennials, Shrubs, Trees","Ipomoea come in many colors, including white, red, blue, purple and yellow.",2-11,"Spring, Autumn, Summer","Ipomoea vary in size, ranging from 20 cm (8 inches) to 4,5 metres (15 ft) in height.",The plant is very adaptable and will grow in almost any type of soil that is well drained.,Full sun,avarage,low
Iris (Iris),Perennials,"Iris comes in a rainbow of colors, such as blue, purple, white, yellow, pink, orange, brown, red and black.",3-9,"Spring, Autumn, Winter, Summer","Irises are available in different sizes, which range from dwarf species (5 cm or 2 inches) to much larger varieties (130 cm or 4 ft).",Iris performs best in moist and well drained soil that is slightly acidic.,"Full sun, Partial sun",avarage,low
Ixora (Jungle Flame; Flame of the Woods),"Shrubs, Trees","Ixora comes in bright red, orange, pink, yellow and white colors. Red color is the most popular one.",9-11,"Spring, Summer",Ixora can grow up to 200 cm (7 ft) in height.,"Ixora likes moist, but well drained soil. It must be planted in rich, acidic soil because alkaline soil can result in yellow foliage.","Full sun, Partial sun",avarage,low
Jacaranda (Jacaranda),"Shrubs, Trees",Jacaranda flowers come in shades of purple and blue.,9-11,"Spring, Summer","Jacarandas can grow between 1 and 10 metres (3-32 ft) tall, depending on species.","Although Jacaranda tolerates a wide variety of soils, it grows best in sandy soil, with a slightly acidic pH range.","Full sun, Partial sun",avarage,low
Jasione (Jasione),"Annuals, Perennials","The flowers are blue or purple in color,",4-9 ,"Spring, Autumn, Summer",Jasione can grow up to 50 cm (2 ft) in height.,This plant needs to be in well drained soil.,"Full sun, Partial sun",avarage,low
Jasminum (Jasmine),"Climbers, Shrubs",Most of the Jasmine species bear white or pale yellow flowers.,6-11,"Spring, Summer","Growing approximately 30-60 cm (1-2 ft) per year, Jasmines can reach 150 cm (5 ft) tall as a shrub, and over 10 m (33 ft) long as a vine.","Jasmine likes fertile and moist, but well drained soil.","Full sun, Partial sun",low,low
Justicia (Jacobinia; Brazilian plume; Plume Flower),"Perennials, Shrubs","Justicia grow in shades of red, orange, pink, yellow, white and cream.",8-12,Summer,"The smaller types grow in mounds about 50 cm (2 ft) high, while others are more shrublike and grow up to 2,5 metres (8 ft) tall.","Justicia prefers well drained, acidic to neutral soil. ","Partial sun, Shade",avarage,low
Kalanchoe (Kalanchoe),"Cactus - Succulents, Perennials, Shrubs"," Kalanchoe comes in variety of colors, including orange, pink, red, white and many variations thereof.",9-11,"Spring, Autumn, Winter, Summer","Most species are less than 1 m (3 ft), with the exception of Kalanchoe beharensis from Madagascar which can reach the height of 6 m (20 ft).","Kalanchoe plants do best in well drained soil, with a pH between 5.0 and 6.5.","Full sun, Partial sun",low,low
Kalmia (Spoonwood),Shrubs,"Kalmia flowers are usually pink, purple, lavender or white. ",4-9,"Spring, Summer",Kalmia range from 25 cm (1 ft) to 5 metres (16 ft) in height.,"The plant prefers moist, well drained and acidic soil.","Full sun, Partial sun",avarage,low
Kerria (Japanese kerria; Japanese rose),Shrubs,Kerria flowers are bright yellow.,4-9,"Spring, Summer",Kerria can grow up to 3 metres (10 ft) in height.,"Kerria japonica grows best in moist, well drained and slightly acidic soil.",Partial sun,avarage,low
Kniphofia (Red Hot Pokers; Torch Lily; Tritoma),Perennials,"Kniphofia blooms in shades of red, orange, yellow and cream. They change color as the flower matures, which results in a bicolor look.",5-10,"Spring, Autumn, Summer",Kniphofia can grow up to 2 metres (7 ft) high.,"The plant will grow in moist and well drained soil that is neutral, alkaline or acidic.",Full sun,avarage,low
Kolkwitzia (Beauty bush),Shrubs,"Kolkwitzia flowers are soft pink to white, each with a yellow troat.",4-8,"Spring, Summer",Kolkwitzia amabilis can grow up to 3 metres (10 ft) in height.,"Kolkwitzia amabilis prefers fertile and moist, but well drained soil. It can tolerate acid to alkaline soil, with a pH between 5.0 and 8.0.","Full sun, Partial sun",avarage,low
Kunzea (Kunzea),"Shrubs, Trees","Kunzea flowers come in various colors including white, yellow, pink, purple and red.",7-10,"Autumn, Winter, Summer",They range in size from small ground covers to 10 metre (32 ft) trees.,"Kunzea prefers moist and well drained soil, but will grow in a variety of soils with a pH range of 6.0 to 8.0.","Full sun, Partial sun",avarage,low
Lantana (Shrub Verbena),"Annuals, Perennials, Shrubs","Lantana come in a rainbow of colors including red, orange, pink, lavender, yellow, white or a mixture of these and will often display different colors in the center and on the edges.",8-11,"Spring, Autumn, Summer","Lantana range in size from 25 cm to 1,2 metres (10 inches to 4 ft) tall.","Lantana prefers moist, but well drained soil, with a pH between 6.5 and 7.5.",Full sun,avarage,low
Lathyrus (Sweet Pea ),"Annuals, Climbers, Perennials","Sweet Pea flowers come in a wide variety of colors, including white, cream, yellow, red, scarlet, pink, salmon, magenta, purple, lavender and blue.",2-11,"Spring, Autumn, Summer","These plants range from 30 cm (1 ft) to 280 cm (9 ft) tall, depending on variety.","The plant grows in moist and well drained soil and will survive in acid, alkaline and neutral soil.",Full sun,avarage,low
Lavandula (Lavender),"Herbs, Perennials, Shrubs","Lavender comes in a wide range of purple colors, but also can be found in white, pink and blue colors.",5-10,"Spring, Autumn, Summer",Lavender can grow from 30 to 90 cm (1 to 3 ft) tall.,Well drained.,Full sun,low,medium
Leontopodium (Edelweiss),Perennials,"This plant has small, yellow clustered florets.",4-9,"Spring, Autumn, Summer",The plant reaches about 30 cm (1 ft) in height.,Leontopodium needs good drainage and pH between 6.5 and 7.5 (slightly alkaline to medium acidity).,"Full sun, Partial sun",avarage,low
Leucojum (Snowflake),"Bulbs, Perennials",Leucojum has white flowers with faint green tips.,3-9,"Spring, Summer",Leucojum can grow up to 60 cm (2 ft) high.,"These plants are not fussy about soil type, but they bloom best in a soil that's rich, moist and well-drained.","Full sun, Partial sun",avarage,low
Lewisia (Lewisia),Perennials,"Lewisia flowers come in shades of white, pink, purple, orange and red.",3-8,"Spring, Autumn, Summer","Lewisia is a small plant, growing up to 30 cm (1 ft) in height.","Lewisia prefers moderately fertile and well drained soil, with a ph value between 5.0 and 8.0. It is drought tolerant and thrives in poor and dry soils.","Full sun, Partial sun",low,low
Liatris (Blazing Star; Gayfeather),Perennials,"Liatris blooms in shades of purple, lavender, pink, white, rose and violet.   ",3-10,"Autumn, Summer",Blazing Stars can grow up to 150 cm (5 ft) in height.,"Liatris will grow best in sandy or loamy soil, with a pH between 5.5 and 7.5. Plant Liatris in tough soil conditions with good drainage.",Full sun,avarage,low
Lilium (Lily),"Bulbs, Perennials","Lilies come in a large variety of colors and the most common are white, yellow, orange and red.",3-9,"Spring, Autumn, Summer","Some species are small, about 30 cm or 1 ft (such as Dwarf Asiatic Lilies), while others can reach the height of 270 cm or 9 ft (Lilium Superbum).","Lilies prefer moist and well drained soil, and they will perform best in soil that is slightly acidic.","Full sun, Partial sun",avarage,low
Limonium (Sea Lavender; Statice),"Annuals, Perennials, Shrubs","The flowers are blue, purple, pink, yellow or white. ",3-11,"Spring, Summer",The plant can grow up to 90 cm (3 ft) in height.,"The plant prefers rich and well-drained soil in full sun. It is not particular as to soil pH, but grows best in sandy soils.",Full sun,low,low
Lobelia (Lobelia),"Annuals, Perennials, Shrubs","Lobelia flowers come in shades of blue, white, pink, red and purple.",3-9,"Spring, Autumn, Summer",The plant ranges in height from 15 cm (6 inches)  to 150 cm (5 ft).,"Lobelia prefers rich, moist and well drained soil, with a pH level from 6.0 to 7.5.","Full sun, Partial sun",avarage,low
Lupinus (Lupine; Lupin),"Annuals, Perennials","Lupin flowers are usually blue or purple, but sometimes pink, yellow and white.",4-8,"Spring, Summer","Lupinus can grow from 30 cm to 1,5 m (1 to 5 ft) in height.","Lupinus grows best in well drained, neutral to slightly acidic soil.","Full sun, Partial sun",avarage,low
Lycoris (Spider Lily),"Bulbs, Perennials","Lycoris flowers come in shades of red, pink, orange, white and yellow.",5-10,"Spring, Autumn, Summer",Lycoris grows to 60 cm (2 ft) in height.,"Lycoris prefers soils that are rich, medium moist and well-drained. They are not fussy about the soil pH.","Full sun, Partial sun",avarage,low
Magnolia (Magnolia),"Shrubs, Trees","Magnolia produces white, purple, pink and yellow flowers, depending on variety. ",4-9,"Spring, Summer","The trees can grow to a height of 20 metres (65 ft), while shrubs are smaller and are 2,5 - 6 metres (8-20 ft) high.","Magnolia grows best in rich, moist, well drained and acidic soil. Magnolia species can tolerate loam, clay and sandy soils.","Full sun, Partial sun",avarage,low
Malva (Mallow),"Annuals, Perennials","The flowers are usually pink, purple and white.",3-10,"Spring, Autumn, Summer","This plant can grow up to 150 cm (5 ft) in height, but most of the species are smaller than that.","Mallow likes rich and well-drained soil, even slightly dry and poor. Most species prefer neutral to slightly acidic pH.","Full sun, Partial sun",avarage,low
Mandevilla (Dipladenia; Rocktrumpet),"Annuals, Climbers, Perennials","Mandevilla come in shades of red, pink, white and yellow.",9-11,"Spring, Autumn, Summer","Mandevilla can grow up to 6 metres (20 ft) in height, or even more.","Mandevilla prefer rich, sandy and well drained soil with organic material added.",Partial sun,avarage,medium
Monarda (Bee Balm; Bergamot),Perennials,"Monarda flowers come in shades of red, pink, purple and white.",3-9,"Autumn, Summer","Different varieties vary in height, from dwarf species barely 25 cm (10 inches) tall, to ""giants"" that reach about 1,5 metres (5 ft) high.","Monarda prefers well drained soil, with a pH from 6.0 to 7.0.","Full sun, Partial sun",avarage,low
Muscari (Grape Hyacinth),Bulbs,"Muscari flowers are commonly blue. However, the white, pink and yellow types can also be found.",4-9,Spring,Muscari is a small plant that grows between 10 cm (4 inches) and 25 cm (10 inches) tall.,"The plant grows best in moist and well drained soil, with a pH between 6.0 and 7.0.","Full sun, Partial sun",avarage,low
Myosotis (Forget Me Not; Scorpion Grass),Perennials,"Flower colors can be blue, pink or white, with a yellow center.",3-9,"Spring, Summer",Myosotis can reach about 25 cm (1 ft) in height.,"The plant performs best in rich, moist and well drained soil, with a pH between 5.5 and 7.5.","Full sun, Partial sun",avarage,low
Myrtus (Myrtle),"Shrubs, Trees",The flowers are most commonly white.,8-9,"Spring, Summer",Myrtle can grow up to 6 metres (20 ft) in height.,Grow Myrtle in moist and well drained soil.  ,"Full sun, Partial sun",avarage,low
Narcissus (Daffodil),Bulbs,Narcissus flowers are usually white and yellow.,3-9,Spring,"Dwarf species can reach a height of 10 cm (4 inches), while some species can grow to 80 cm (3 ft) tall.","Narcissi prefer rich and moist, but well-drained soil and will grow best in soil that is neutral to slightly acidic (pH of 6.0 - 7.0).","Full sun, Partial sun",low,low
Nelumbo (Lotus; Indian lotus; Sacred lotus; American lotus),Perennials,"Nelumbo nucifera has white or pink flowers, while Nelumbo lutea has yellow ones. ",4-10,"Spring, Summer","The leaves and flowers of Nelumbo nucifera are held on stems up to 2 metres (7 ft) tall. The Nelumbo lutea are almost the same size, ranging from 80 cm to 1,5 metres (3-5 ft) in height.",Both species need rich and loamy soil.,Full sun,avarage,low
Nemesia (Nemesia),"Annuals, Perennials, Shrubs","Flowers come in shades of blue, purple, red, pink, orange, mauve, yellow, cream and white.",8-11,"Spring, Autumn, Winter, Summer",The half-inch flowers bloom on plants that grow up to 60 cm (2 ft) tall.,"Moist, but well drained.","Full sun, Partial sun",avarage,low
Nemophila (Baby Blue Eyes),Annuals,Nemophila flowers vary in color from a true blue to a definite purple.,2-11,"Spring, Winter","Nemophila is a small plant, rarely growing over 30 cm (1 ft) high.","The plant likes rich, moist and well drained soil. It prefers soil with a pH of 5.5 to 8.0.","Full sun, Partial sun",avarage,low
Nepeta (Catmint; Catnip; Cataria),Perennials,"Nepeta come in shades of blue, purple, white and even pink and yellow.",3-9,"Spring, Autumn, Summer","Nepeta can grow between 20 cm and 2 metres (8 inches to 7 ft) high, depending on variety.","Nepeta prefers moist and well drained soil, which is acidic to neutral (soil pH from 5.5 to 7.0).","Full sun, Partial sun",low,low
Nerine (Guernsey Lily),"Bulbs, Perennials","Nerine flowers come in shades of pink, orange, red and white.",8-11,"Autumn, Summer",Nerine reaches 60 cm (2 ft) in height.,Nerine likes moist and well drained soil. It is not particular as to soil type or pH.,"Full sun, Partial sun",avarage,low
Nigella (Love-in-a-mist; Devil-in-a-bush),Annuals,"Nigella flowers are usually white, yellow, pink or blue.",2-10,"Spring, Autumn, Summer",Nigella grows between 20 cm (8 inches) and 90 cm (3 ft) in height.,The plant prefers good drainage and average soil with a pH value between 6.0 to 7.0,"Full sun, Partial sun",avarage,low
Obregonia (Artichoke Cactus),Cactus - Succulents,"The plants color is gray-green, and flowers are usually white or slightly pink.",9-12,Summer,"Obregonia is small-sized plant, about 15 cm (6 inches) in height.",Obregonia performs best in well drained soil with little organic material and neutral pH.,"Full sun, Partial sun",low,medium
Oenothera (Evening Primrose; Sundrops; Suncups),"Annuals, Perennials","Oenothera grow in yellow, pink and white colors.",3-7,"Spring, Autumn, Summer","Oenothera vary in size, from 15 cm to 2,5 metres (6 inches to 8 ft) high.",Well drained.,"Full sun, Partial sun",avarage,low
Opuntia (Prickly pear),Cactus - Succulents,"Opuntia flowers are usually yellow, sometimes red and pink, and rarely white.",6-11,"Spring, Summer","Opuntias vary in height, from dwarf species (20 cm or 8 inches) to giants (4,5 metres or 15 ft).","Opuntia need well drained soil that is acid, alkaline or neutral.","Full sun, Partial sun",low,low
Ornithogalum (Star of Bethlehem),"Bulbs, Perennials","Ornithogalum flowers come in white, yellow and orange.",4-10,"Spring, Summer",The plant can grow between 10 and 60 cm (4 inches to 2 ft) tall.,"Ornithogalum prefers moist, but well drained soil. You can grow it in any sandy or loam soil.","Full sun, Partial sun",avarage,low
Osteospermum (African Daisy),"Annuals, Perennials, Shrubs","Osteospermum flowers come in numerous colors and shades, including blue, purple, mauve, pink, yellow, white and cream.",9-11,"Spring, Autumn, Summer","Osteospermum reaches up to 60 cm (2 ft) tall, depending on species.",These sun-loving plants prefer well drained soil of average fertility. They do not appear to be fussy about soil pH.,Full sun,avarage,low
Oxalis (Wood Sorrel),"Annuals, Bulbs, Perennials","Oxalis flowers come in shades of yellow, pink, white and purple.",4-11,"Spring, Autumn, Summer",Oxalis plants can reach 7 to 30 cm (3 to 12 inches) in height.,"Oxalis prefers moist and well drained soil, but does not like to be in a soggy spot. They have no special soil requirements.","Full sun, Partial sun",avarage,low
Paeonia (Peony),"Perennials, Shrubs","Peonies produce red, pink, purple, white and yellow flowers.",3-9,"Spring, Summer","Peonies grow from 60 to 120 cm (2-4 ft) tall. However, tree peonies can reach to 3 metres (10 ft).","Paeonia likes moist and well drained soil, with a ph level from 6.0 to 7.5.","Full sun, Partial sun",avarage,low
Papaver (Poppy),"Annuals, Perennials","Papaver flowers bloom in a range of colors, from white, yellow, pink, orange and red to purple and deep plum.",3-10,"Spring, Summer",Papaver usually grows between 30-90 cm (1-3 ft) in height.,"Papaver likes well drained soil that is acidic, neutral or alkaline.","Full sun, Partial sun",avarage,low
Passiflora (Passion Flower; Passion Vine; Maypop),"Annuals, Climbers, Perennials, Shrubs, Trees","Though a wide range of colors exist, the most common are white and blue.",6-11,"Spring, Autumn, Summer","Sizes vary depending on the variety, from dwarf species (60 cm or 2 ft) to climbers that can reach 9 metres (30 ft).","Passiflora likes soil that is fertile, moist and well drained. Soil pH can be anywhere between 6.0 to 7.5.","Full sun, Partial sun",avarage,medium
Penstemon (Beardtongue),Perennials,"Penstemon flowers come in shades of white, yellow, blue, red and purple.",3-10,"Autumn, Summer",This plant grows between 30 cm (1 ft) and 120 cm (4 ft) high.,"Most Penstemons require moist and well-drained soil. They usually grow on poor, rocky or sandy soils. This plant does not seem to be fussy about the soil pH, but prefers soil with a pH from 5.5 to 7.0.","Full sun, Partial sun",avarage,low
Perovskia (Perovskia),"Perennials, Shrubs",Perovskia flowers come in shades of purple and blue.,4-9,"Autumn, Summer",Perovskia can grow up to 150 cm (5 ft) tall.,"This plant does not need a rich soil to grow well, but good drainage is needed. Perovskia thrives in dry soil and requires little water once established. It tolerates a wide range of soil ph. ",Full sun,low,low
Petunia (Petunia),"Annuals, Perennials","Petunias are available in almost all colors. The most common are white, yellow, pink, red and purple.",8-11,"Spring, Autumn, Summer",Petunia can grow from 15 cm to 120 cm (6 inches to 4 ft) in height.,"Petunia prefer fertile, moist, but well drained soil, with a pH between 6.0 and 7.0.","Full sun, Partial sun",avarage,low
Phlox (Phlox),"Annuals, Perennials","There are many different color varieties available - white, yellow, pink, purple, red, lavender, rose, magenta.",2-9,"Spring, Autumn, Summer",Phlox can be found in different sizes from dwarf species only around 10 cm (4 inches) in height to some reaching 120 cm (4 ft) tall.,"Moist, but well drained.","Full sun, Partial sun",avarage,medium
Platycodon (Balloon Flower; Chinese Bellflower; Japanese Bellflower),Perennials,"Platycodon come in purple, blue, pink and white.",3-8,"Autumn, Summer",This plant can grow nearly 60 cm (2 feet) tall.,"Platycodon will grow in any good well-drained soil, but prefers sandy soil. It will do best in a slightly acidic soil pH.","Full sun, Partial sun",avarage,low
Plumeria (Frangipani; Hawaiian Lei Flower),"Shrubs, Trees","Plumeria flowers can be found in shades of white, yellow, pink and red.",9-11,"Spring, Autumn, Summer","Sizes vary depending on the variety. Some species can grow up to 10 metres (32 ft) in height, but dwarf varieties are also available.","Plumeria prefers moist, but well drained soil that is slightly acidic.","Full sun, Partial sun",avarage,low
Primula (Primrose),Perennials,"Primula flowers come in a wide range of colors, from blue, purple, green and orange to pink, red, yellow and white.",3-9,Spring,Primula plants can grow up to 60 cm (2 ft) in height.,"Primulas prefer moist, but well drained soil and grow best in neutral or slightly acidic soil.","Full sun, Partial sun",avarage,low
Protea (Protea),"Shrubs, Trees","Protea flowers come in shades of white, purple, red, orange, yellow and green.",8-11,"Spring, Autumn, Winter, Summer",Protea range in height from tiny shrubs to tall trees of 10 meters (33 ft).,"The majority of species prefer well drained, sandy and slightly acidic soil (pH 5.5 to 7.0). ",Full sun,low,low
Prunus (Prunus),"Shrubs, Trees","Prunus flowers come in shades of white, pink and red.",2-9,"Spring, Autumn, Winter, Summer","The species range in height from 1,5 metres to 12 metres (5 to 40 ft) tall.","Prunus likes moist and well drained soil that is acidic, neutral or alkaline.",Full sun,avarage,low
Pulmonaria (Lungwort),Perennials,"Pulmonaria flowers come in shades of blue, purple, pink and white. ",3-9,"Spring, Winter",Pulmonaria can grow up to 30 cm (1 ft) tall.,Pulmonaria likes moist and well drained soil. Most of the species thrive best in soil with a pH in the 7.0 to 7.5 range.,"Partial sun, Shade",avarage,low
Quesnelia (Quesnelia),"Cactus - Succulents, Perennials","Quesnelia flowers come in red, blue, pink and yellow.",9-12,"Spring, Winter",Quesnelia plants can grow up to 60 cm (2 ft) in height.,"Moist, but well drained.","Full sun, Partial sun, Shade",avarage,low
Rafflesia (Rafflesia),,Rafflesia flowers are reddish brown with white marks on its petals.,13,"Spring, Autumn, Winter, Summer",Rafflesia can reach up to 1 m (more than 3 ft) in diameter. ,"Rafflesia is a parasitic plant and depends completely upon its host, so it doesn't need any soil. Anyway, it has no roots, leaves or stem.","Full sun, Partial sun, Shade",avarage,low
Ranunculus (Buttercup; Crowfoot; Spearwort),"Annuals, Bulbs, Perennials","Ranunculus colors are mostly in range from white, yellow and gold to pink and red.",7-11,"Spring, Summer","Ranunculus can reach a height of 20-60 cm (8 inches to 2 ft), depending on species.","Ranunculus prefer moist, but well drained soil. The pH level of the soil should be slightly acidic.","Full sun, Partial sun",avarage,low
Rhododendron (Rhododendron),"Shrubs, Trees","Rhododendron blooms in various colors, from pure white to red, orange and pink to gold and purple.",3-11,"Spring, Autumn, Winter, Summer","Rhododendron grows from low ground covers and medium sizes shrubs to tree-size plants, from 30 cm to 4,5 metres (1 to 15 ft) high.","Rhododendrons will perform best in moist and well drained soil, with a pH level between 4.5 and 6.0.",Partial sun,avarage,low
Rondeletia (Rondeletia),"Shrubs, Trees","Rondeletia flowers are white, yellow, pink and red, sometimes with yellow centers.",9-11,"Spring, Winter, Summer","The plant can grow up to 4,5 metres (15 ft) tall.","Rondeletia will grow best in rich, moist and well drained soil that is slightly acidic.","Full sun, Partial sun",avarage,low
Rosa (Rose),"Climbers, Roses, Shrubs",Roses range in color from white through various tones of yellow and pink to dark crimson and maroon.,2-10,"Spring, Autumn, Summer",Roses range in size from dwarf species (60 cm or 2 ft) to climbers that can reach 12 metres (40 ft).,"This plant grows best in moist and well drained soil, with a pH level between 5.5 and 7.0.","Full sun, Partial sun",avarage,medium
Rudbeckia (Coneflower),"Annuals, Perennials","Rudbeckias are mostly yellow, but also can be red and orange, with central cones that can be green, black and brown.",3-9,"Autumn, Summer",Rudbeckia plant can grow up to 30-120 cm (1-4 ft) in height.,"Rudbeckia likes moist and well drained soil that is neutral, alkaline or acidic.","Full sun, Partial sun",avarage,low
Salvia (Sage),"Annuals, Perennials, Shrubs","Salvia blooms in a range of colors, from traditional dark blue to light blue, red, pink, and white.",3-11,"Spring, Autumn, Winter, Summer",They grow from 30 cm to 180 cm (1 to 6 ft) tall.,"Salvia grows best in moist, but well drained soil, with a pH between 6.0 and 7.0.","Full sun, Partial sun",avarage,low
Sandersonia (Christmas Bells; Chinese Lantern Lily),"Climbers, Perennials",The flowers are orange or yellow.,8-11,"Spring, Summer",This plant grows up to 90 cm (3 ft) in height.,"Sandersonia aurantiaca prefers sandy or loamy soil that is moist, well drained and slightly acidic.",Full sun,avarage,low
Saxifraga (Saxifrage; Rockfoil),Perennials,"The flowers are usually white, but may be yellow, purple, pink and red.",3-10,"Spring, Autumn, Winter, Summer",This plant usually reaches about 30 cm (1 ft) in height.,"Appropriate soil type depends on species. In general, these plants like moist and well drained soil, with a pH level between 6.0. and 8.0.","Full sun, Partial sun, Shade",avarage,low
Scabiosa (Scabious; Pincushion Flower),"Annuals, Perennials","This beautiful flower comes in different colors such as blue, purple, white, yellow, pink and red.",3-9,"Autumn, Summer",Scabiosa range in height from 15 cm (6 inches) to 60 cm (2 ft).,"Scabiosa grows best in rich soil with good drainage, and with plenty of sunlight. It can be grown in soils with a pH range from 5.0 to 7.5.",Full sun,avarage,low
Scilla (Squill),Bulbs,"Scilla comes in shades of blue, purple and white. The blue ones are very pretty, some of the best blues to be found among flowers.",2-10,"Spring, Winter","Scilla can grow up to 60 cm (2 ft) high However, some species are less than 10 cm (4 inches) tall.","Scilla likes rich and well drained soil, with a pH level between 6.0 and 8.0. It will not grow well in waterlogged soils.","Full sun, Partial sun",avarage,low
Sedum (Stonecrops),"Cactus - Succulents, Perennials","Sedum flowers come in a rainbow of colors, from red, orange, pink and purple to yellow and white. Foliage can be found in a number of colors, too.",3-10,"Autumn, Summer","Sedums can grow from 10-90 cm (4 inches to 3 ft), depending on variety.","Sedum plants prefer well drained soil that is neutral, alkaline or acidic.","Full sun, Partial sun",low,low
Solidago (Goldenrod),Perennials,"Goldenrods come in a bright, golden-yellow color.",3-9,"Autumn, Summer","Goldenrods can grow up to 90 cm (3 ft) in height, while some species are just 10 cm (4 inches) tall.",Solidago grows best in well drained soil that is acidic to neutral.,Full sun,avarage,low
Strelitzia (Bird of Paradise; Crane Flower),"Perennials, Shrubs","Strelitzia flowers are bright orange, purple, red, yellow and dark blue. ",9-12,"Spring, Autumn, Winter, Summer","Strelitzia can grow as tall as 1 m (3 ft) or taller, while some species (Strelitzia nicolai) can reach 10 metres (33 ft) high.","Strelitzia prefers organically rich, moist and well drained soil.","Full sun, Partial sun",avarage,low
Syringa (Lilac),"Shrubs, Trees","Although they get their common name from their most popular color, Lilacs can also be found in other colors, such as blue, red, pink, white and yellow.",3-8,"Spring, Summer","Lilacs range in size from 2-10 metres (7-33 ft) high, depending on species.","Lilacs prefer fertile, moist, but well drained soil. The ideal soil pH for growing Lilacs is neutral to alkaline.","Full sun, Partial sun",avarage,low
Tagetes (Marigold),"Annuals, Perennials, Shrubs","Tagetes come in shades of yellow, orange and even white.",2-11,"Spring, Autumn, Summer","Tagetes usually grow between 15-80 cm (6 inches to 3 ft) tall, rarely until 2 metres (7 ft).",Well drained.,Full sun,avarage,low
Tanacetum (Tanacetum),"Annuals, Perennials, Shrubs","Tanacetum flowers are usually white or yellow, depending on species.",3-9,Summer,Tanacetum plants can grow from a few inches to 150 cm (5 ft) tall.,"Tanacetum prefers moist and well drained soil, but tolerates a wide variety of soils and pH conditions.","Full sun, Partial sun",avarage,medium
Taraxacum (Dandelion),Perennials,They come in bright yellow and white colors.,3-10,"Spring, Autumn, Winter, Summer",Taraxacum usually grow between 5-50 cm (2-20 inches) in height.,"Although Dandelions adopt most conditions and grow everywhere, they grow best in moist areas with fertile, well drained soil.","Full sun, Partial sun",avarage,low
Tigridia (Tiger Flower; Mexican Shellflower),Bulbs,"Tigridia flowers may be red, yellow, white, cream, orange, scarlet, pink and mauve. ",8-11,Summer,These plants usually grow between 30 and 60 cm (1-2 ft) tall.,"Tigridia performs best in rich, well drained soils.","Full sun, Partial sun",avarage,low
Torenia (Wishbone Flower; Bluewings; Clown Flower),Annuals,"Torenia flowers come in shades of purple, blue, pink, yellow and white.",2-11,"Spring, Autumn, Summer",Torenia grows up to 30 cm (1 ft) in height.,"Torenia prefers rich, loamy, moist and well drained soil. The plant is not particular about soil pH, but it does best in a soil that is slightly acidic. ","Partial sun, Shade",avarage,medium
Tricyrtis (Toad Lily),Perennials,"Tricyrtis flowers come in shades of red, purple, white and yellow.",4-9,"Autumn, Summer",Tricyrtis reaches up to 90 cm (3 ft) in height.,"Tricyrtis prefers rich, moist and well drained soil, with a pH from acid to neutral. The plant is adaptable and can tolerate heat, cold, and humidity. ","Partial sun, Shade",avarage,low
Trillium (Wake Robins; Birthroot),Perennials,"Flower color varies from red, pink, maroon and purple to yellow and white.",3-9,"Spring, Summer",They usually grow between 30-60 cm (1-2 ft) in height.,Trillium perform best in moist and well drained soil that is neutral to slightly acidic.,"Partial sun, Shade",avarage,low
Trollius (Globe flower),Perennials,These beautiful flowers bloom in shades of yellow and orange.,3-8,"Spring, Summer",Trollius can grow up to 90 cm (3 ft) in height.,"Trollius prefer rich, poorly-drained soil and regular moisture.","Full sun, Partial sun",avarage,low
Tropaeolum (Nasturtium),"Annuals, Perennials","Nasturtium comes in red, orange, yellow and cream color.",2-11,"Spring, Autumn, Summer","Nasturtium vary in height from 20 cm (8 inches) to 3 metres (10 ft), depending on species.",The plant is suitable for sandy and loamy soils with a pH between 5.5 and 7.5. They can grow in nutritionally poor soil. ,Full sun,avarage,low
Tulipa (Tulip),"Annuals, Bulbs, Perennials",You will find Tulips in nearly every color and pattern.,3-9,Spring,"Tulips can be short (less than 20 cm or 8 inches), medium (20-45 cm or 8-18 inches) and tall (greater than 45 cm or 18 inches).","Tulips prefer fertile, moist, soft and well drained soil.","Full sun, Partial sun",low,low
Ulex (Gorse; Furze),Shrubs,Its flowers are usually yellow in color.,6-10,"Spring, Autumn, Winter, Summer",The plant can grow up to 3 metres (10 ft) high.,"Gorse grows on most soils, but will perform best in soil that is slightly acidic and sandy. It appreciates hot sun and dry, poor soils.",Full sun,low,low
Ursinia (African Daisy),"Annuals, Perennials","Ursinia have daisy-like yellow, red or orange flowers.",3-11,"Spring, Autumn, Winter, Summer",Ursinia can grow from 20 cm to 60 cm (8 inches to 2 ft) in height.,"Ursinia prefers sandy, fertile and well drained soil.","Full sun, Partial sun",avarage,low
Valeriana (Valerian),Perennials,"Valeriana flowers are white, pink or lavender.",4-9,"Autumn, Summer","The plant can reach 1,5 meters (5 ft) in height.","The plant performs best in fertile, moist and well drained soil, with slightly acidic to neutral pH.","Full sun, Partial sun",avarage,low
Verbascum (Mullein),"Annuals, Perennials","Verbascum flowers are primarily bright yellow, but also white, red, purple and pink.",5-10,"Spring, Summer",Verbascum has a flower spike that reaches 3 metres (10 ft) high.,Grow Verbascum in well drained soil. Verbascum plants prefer slightly alkaline soil pH.,Full sun,low,low
Verbena (Vervain),"Annuals, Perennials","Verbena blooms in shades of violet, lavender, red, pink and white.",3-12,"Autumn, Summer",Verbena can grow from 7 cm to 180 cm (3 inches to 6 ft) tall.,"Moist, but well drained.","Full sun, Partial sun",avarage,low
Veronica (Speedwell),Perennials,"Veronica come in shades of blue, purple, pink and white.",3-11,"Spring, Autumn, Summer","Veronica come in a wide range of sizes, from 10 cm to 2 metres (4 inches to 7 ft) in height.","This plant prefers moist, but well drained soil that is neutral, alkaline or acidic.","Full sun, Partial sun",avarage,low
Veronicastrum (Culver’s root),Perennials,"Veronicastrum flowers come in shades of white, purple and pink.",3-9,"Autumn, Summer",Veronicastrum reaches nearly 2 m (6 ft) in height.,"Veronicastrum prefers fertile, moist and well drained soil. It tolerates a wide range of soil pH levels.","Full sun, Partial sun",avarage,low
Vinca (Periwinkle),"Perennials, Shrubs","Vinca come in pink, purple, red and white colors.",3-11,"Autumn, Summer",Vinca plants range in size from dwarf species that grow only about 10 cm (4 inches) tall to the larger types which can grow up to 60 cm (2 ft) in height.,"Vinca prefers moist, but well drained soil and is adaptable to soils of various pH.","Full sun, Partial sun, Shade",avarage,low
Viola (Violet),"Annuals, Perennials, Shrubs","As their name suggests, many species are violet in color, but can also be blue, white, yellow and cream. Some blooms have two or even three colors.",3-9,"Spring, Autumn, Winter, Summer",Violas are small plants up to 20 cm (8 inches) tall.,"Violas prefer a rich, moist and well drained soil.","Full sun, Partial sun",avarage,low
Watsonia (Bugle Lily),"Bulbs, Perennials","Watsonia flowers come in shades of red, pink, orange, purple and white.",8-11,"Spring, Autumn, Winter, Summer",Watsonia range from 30 cm to 2 metres (1 ft to 7 ft) in height.,The soil should be acidic or neutral and should be moist and well drained. ,Full sun,avarage,low
Weigela (Weigela),Shrubs,"Weigela flowers come in red, pink, white and yellow.",4-9,"Spring, Autumn, Summer",Weigela species range from 30 cm (1 ft) to 3 metres (10 ft) high.,"Weigela prefers fertile and moist, but well drained soil.","Full sun, Partial sun",avarage,low
Wisteria (Wisteria),Climbers,"Wisteria come in shades of white, blue, purple and pink.",5-9,"Spring, Summer",Wisterias can grow from 180 cm to 12 metres (6 to 40 ft) high.,"Wisteria likes moist, well drained and fertile soil. It grows best in slightly acidic to neutral soil.","Full sun, Partial sun",avarage,hard
Xanthisma (Xanthisma),"Annuals, Perennials","Xanthisma flowers are generally yellow in color, but there are also varieties that are white and purple.",3-9,"Spring, Autumn, Winter, Summer",The plant can reach a height of 60 cm (2 ft).,"Xanthisma prefers well-drained, sandy soils and can survive in dry soil as well. The soil pH can vary from 5.0. to 7.0. ","Full sun, Partial sun",low,low
Xeranthemum (Immortelle; Everlasting),Annuals,"Xeranthemum flowers come in shades of pink, purple and white.",2-10,"Autumn, Summer",Xeranthemum can grow between 30 and 90 cm (1-3 ft) tall.,"The plant prefers fertile, moist and well drained soil.",Full sun,avarage,low
Xerochrysum (Strawflower),"Annuals, Perennials","Xerochrysum bracts come in shades of yellow, orange, purple, pink and red. The tiny individual flowers are usually yellow in color.",8-11,"Spring, Autumn, Summer","Xerochrysum grows 20 to 150 cm (8 inches to 5 ft) tall, depending on species.","Xerochrysum prefers soil with a pH of 5.5 to 7.5, but the plant grows in nearly any well-drained soil.",Full sun,avarage,low
Xerophyllum (Turkey beard; Bear Grass),"Herbs, Perennials",This plant has unique cream-colored flowers.,4-8,"Spring, Summer","These species can grow from 50 cm to 1.5 meters (2-5 ft) tall, with a numerous small flowers growing on a stalk.",Xerophyllum prefers sandy or loamy soil that is well drained.,"Full sun, Partial sun",low,low
Yucca (Yucca),"Cactus - Succulents, Shrubs, Trees","The Yucca plant has green, sword-like leaves and white or whitish flowers.",4-11,"Spring, Autumn, Summer","Yucca can grow from 60 cm to 4,5 metres (2 to 15 ft) high.","Yucca grows best in sandy and well drained soil, with a pH between 5.5 and 7.5.","Full sun, Partial sun",low,low
Zantedeschia (Calla Lily; Arum Lily),"Bulbs, Perennials","Zantedeschia is available in a multitude of colors including white, yellow, orange, pink, purple and even black.",3-10,"Spring, Summer",Zantedeschia can grow between 30 and 90 cm (1 to 3 ft) in height.,Zantedeschia grows best in moist and well drained soil. The ideal soil pH is from 6.0 to 6.5.,"Full sun, Partial sun",avarage,low
Zephyranthes (Rain Lily; Fairy Lily),"Annuals, Bulbs, Perennials","Zephyranthes flowers may be yellow, pink and white.",7-11,"Spring, Autumn, Summer",Zephyranthes can grow up to 30 cm (1 ft) in height.,Zephyranthes prefers well drained soil with a good application of organic material.,"Full sun, Partial sun",avarage,medium
Zinnia (Zinnia),"Annuals, Perennials, Shrubs","Zinnia flowers are known for their vivid colors. They are often multi-colored and may be yellow, orange, white, red, pink and purple. ",2-11,"Autumn, Summer",Zinnias range in size from dwarf species (just 17 cm or 7 inches) to giants (120 cm or 4 ft).,"Zinnias prefer fertile and moist, but well drained soil with a pH between 5.5 and 7.5.",Full sun,avarage,low
Zygopetalum (Zygo),"Annuals, Perennials","Zygopetalum have unusually colored flowers in shades of blue, purple, red and white.",9-11,"Spring, Autumn, Winter",Zygopetalum usually grows to a height of 40 cm (1-2 ft).,The plant prefers moist and well drained soil. with a pH level between 5.5 and 6.5.,"Full sun, Partial sun",avarage,medium
